,id,pickup_datetime,dropoff_datetime,trip_duration,origin,destination,status,dist,treq,ttrav,pax_id,VoT,delta,u,u_PT,ride_id,ttrav_sh,u_sh,kind,position
0,id0190469,2016-01-01 00:00:17,2016-01-01 00:14:26,849,42427352,42438018,0,14340,0,2390,id0190469,0.0046,915.1222480362871,32.504000000000005,999999,1738,2848,31.476632747999997,50,0
1,id1210365,2016-01-01 00:01:01,2016-01-01 00:07:49,408,42432756,42434113,0,2640,44,440,id1210365,0.0046,168.47438875981854,5.984,999999,1,440,5.984,1,0
2,id3888279,2016-01-01 00:01:14,2016-01-01 00:05:54,280,42445649,4461990857,0,1067,57,177,id3888279,0.0046,68.19888701471706,2.4147,999999,2,177,2.4147,1,0
3,id0924227,2016-01-01 00:01:20,2016-01-01 00:13:36,736,4862610026,42428212,0,2905,63,484,id0924227,0.0046,185.40707467034025,6.5839,999999,342,575,6.460339295999999,20,0
4,id2294362,2016-01-01 00:01:33,2016-01-01 00:13:25,712,42442415,42449634,0,9301,76,1550,id2294362,0.0046,593.5745710748098,21.0815,999999,1569,1871,19.885463591999997,42,1
5,id1078247,2016-01-01 00:01:37,2016-01-01 00:03:31,114,5706568771,42440951,0,330,80,55,id1078247,0.0046,21.059298594977317,0.748,999999,5,55,0.748,1,0
6,id3609443,2016-01-01 00:01:47,2016-01-01 00:21:51,1204,42435645,42438247,0,7978,90,1329,id3609443,0.0046,509.2102214604295,18.0804,999999,1569,1514,16.685693423999997,42,0
7,id2914314,2016-01-01 00:02:06,2016-01-01 00:23:56,1310,42437283,42438928,0,10070,109,1678,id2914314,0.0046,642.6705493849333,22.8238,999999,1738,1935,21.598223675999996,50,1
8,id3675972,2016-01-01 00:02:45,2016-01-01 00:10:10,445,42430265,42427390,0,1317,148,219,id3675972,0.0046,84.11003914543828,2.9829,999999,8,219,2.9829,1,0
9,id0566105,2016-01-01 00:03:31,2016-01-01 00:26:35,1384,42436159,42431674,0,5765,194,960,id0566105,0.0046,368.006719739576,13.063500000000001,999999,1116,1045,11.588046635999998,32,0
10,id3968582,2016-01-01 00:04:42,2016-01-01 00:22:33,1071,42427371,42445027,0,3530,265,588,id3968582,0.0046,225.3135408662917,7.9998000000000005,999999,991,588,7.813387728,21,1
11,id3266337,2016-01-01 00:04:57,2016-01-01 00:08:37,220,42435328,42437918,0,1353,280,225,id3266337,0.0046,86.40741717398123,3.0645,999999,11,225,3.0645,1,0
12,id2563820,2016-01-01 00:05:07,2016-01-01 00:09:54,287,42431661,42455693,0,1462,290,243,id2563820,0.0046,93.38479829415002,3.3108,999999,12,243,3.3108,1,0
13,id0400882,2016-01-01 00:05:08,2016-01-01 00:23:01,1073,42436913,42429212,0,11151,291,1858,id0400882,0.0046,711.6771372757626,25.2733,999999,1634,2111,24.361776071999998,41,1
14,id3956309,2016-01-01 00:05:35,2016-01-01 00:17:43,728,42430295,42450025,0,4877,318,812,id3956309,0.0046,311.3380617021825,11.050699999999999,999999,1116,813,10.370592731999999,32,2
15,id0460928,2016-01-01 00:05:39,2016-01-01 00:13:27,468,42448563,42432171,0,1672,322,278,id0460928,0.0046,106.78617012731742,3.7868,999999,15,278,3.7868,1,0
16,id3900441,2016-01-01 00:06:04,2016-01-01 00:15:52,588,42437050,42430068,0,3089,347,514,id3900441,0.0046,197.2349529512145,6.9979,999999,300,529,6.975544631999999,20,0
17,id1904457,2016-01-01 00:06:22,2016-01-01 00:33:00,1598,42434072,4679523598,0,3552,365,592,id1904457,0.0046,226.67463214957405,8.0512,999999,308,651,7.781060579999999,20,0
18,id1864422,2016-01-01 00:06:24,2016-01-01 00:31:36,1512,42439840,42429338,0,6269,367,1044,id1864422,0.0046,400.17001213917774,14.2059,999999,1116,1059,13.104377747999997,32,1
19,id0275133,2016-01-01 00:06:47,2016-01-01 00:16:55,608,42437654,42431822,0,3500,390,583,id0275133,0.0046,223.39905917583923,7.9318,999999,308,610,7.5892124039999995,20,1
20,id2162784,2016-01-01 00:06:59,2016-01-01 00:11:26,267,42440743,42437096,0,1613,402,268,id2162784,0.0046,103.04245378095226,3.6523000000000003,999999,20,268,3.6523000000000003,1,0
21,id1323694,2016-01-01 00:07:04,2016-01-01 00:14:30,446,42437686,589100164,0,2104,407,350,id1323694,0.0046,134.35470646983316,4.766,999999,519,385,4.695503496,20,1
22,id1004094,2016-01-01 00:07:07,2016-01-01 00:17:04,597,42439406,42430367,0,3496,410,582,id1004094,0.0046,223.1866569068284,7.9212,999999,300,581,7.756572623999999,20,1
23,id1560712,2016-01-01 00:07:22,2016-01-01 00:18:21,659,42431037,42428039,0,3274,425,545,id1560712,0.0046,209.01949239748006,7.417999999999999,999999,211,545,7.006152576,20,1
24,id2041977,2016-01-01 00:07:27,2016-01-01 00:13:50,383,42445649,42440325,0,1775,430,295,id2041977,0.0046,113.38065490939564,4.0195,999999,519,310,3.8749636559999994,20,0
25,id2660288,2016-01-01 00:07:29,2016-01-01 00:16:03,514,42429766,42442881,0,2163,432,360,id2660288,0.0046,138.09842281619834,4.9005,999999,25,360,4.9005,1,0
26,id0760413,2016-01-01 00:07:34,2016-01-01 00:19:12,698,42430378,42442469,0,2716,437,452,id0760413,0.0046,173.4101329550638,6.1532,999999,26,452,6.1532,1,0
27,id1436179,2016-01-01 00:07:47,2016-01-01 00:17:50,603,42440729,42436531,0,4175,450,695,id1436179,0.0046,266.5391901455944,9.4595,999999,753,712,8.342832,21,0
28,id1019488,2016-01-01 00:08:07,2016-01-01 00:22:14,847,42445661,42436359,0,4463,470,743,id1019488,0.0046,284.9182143739383,10.1123,999999,342,795,9.336751656,20,1
29,id1781008,2016-01-01 00:08:09,2016-01-01 00:30:00,1311,42436935,42454042,0,4585,472,764,id1781008,0.0046,292.6180493356794,10.3919,999999,991,835,10.304177039999999,21,0
30,id2270359,2016-01-01 00:08:15,2016-01-01 00:09:42,87,42440743,387184869,0,617,478,102,id2270359,0.0046,39.48166165792979,1.3947,999999,753,102,1.3076969999999999,21,1
31,id1043337,2016-01-01 00:08:29,2016-01-01 00:19:54,685,42428253,42444909,0,2267,492,377,id1043337,0.0046,144.77815463281638,5.1347000000000005,999999,208,392,4.644944903999999,20,0
32,id0489547,2016-01-01 00:08:37,2016-01-01 00:12:41,244,42452365,42445039,0,1159,500,193,id0489547,0.0046,73.9842402860057,2.6263,999999,889,193,2.375641332,21,1
33,id3016902,2016-01-01 00:08:38,2016-01-01 00:15:10,392,42454433,42442463,0,2901,501,483,id3016902,0.0046,185.1946724013294,6.5733,999999,889,617,6.5221239959999995,21,0
34,id3453922,2016-01-01 00:08:40,2016-01-01 00:15:35,415,1773078006,42442870,0,1378,503,229,id3453922,0.0046,88.02424956088305,3.1204,999999,34,229,3.1204,1,0
35,id0967740,2016-01-01 00:08:46,2016-01-01 00:19:09,623,42430352,42443613,0,1264,509,210,id0967740,0.0046,80.74921913716364,2.862,999999,35,210,2.862,1,0
36,id1014156,2016-01-01 00:08:47,2016-01-01 00:12:37,230,42457728,42436848,0,729,510,121,id1014156,0.0046,46.58619801256958,1.6501,999999,36,121,1.6501,1,0
37,id0502742,2016-01-01 00:08:49,2016-01-01 00:19:31,642,42443353,761293063,0,6395,512,1065,id0502742,0.0046,408.21083523907816,14.491499999999998,999999,1569,1178,13.033444871999999,42,2
38,id3619619,2016-01-01 00:08:52,2016-01-01 00:12:42,230,42424225,42443366,0,1579,515,263,id3619619,0.0046,100.78698395234046,3.5783,999999,38,263,3.5783,1,0
39,id3554494,2016-01-01 00:08:53,2016-01-01 00:15:19,386,42436705,42449963,0,389,516,64,id3554494,0.0046,24.93160081049092,0.8779,999999,39,64,0.8779,1,0
40,id1276140,2016-01-01 00:09:01,2016-01-01 00:16:24,443,42456683,42455932,0,2424,524,404,id1276140,0.0046,154.69012058856072,5.494400000000001,999999,40,404,5.494400000000001,1,0
41,id3512166,2016-01-01 00:09:01,2016-01-01 00:19:32,631,42428065,42435516,0,3121,524,520,id3512166,0.0046,199.19134284159816,7.073499999999999,999999,211,577,6.935241767999999,20,0
42,id2336715,2016-01-01 00:09:03,2016-01-01 00:19:25,622,42434946,5161246307,0,4146,526,691,id2336715,0.0046,264.5813696205333,9.3976,999999,1011,715,8.610632843999998,21,0
43,id0672409,2016-01-01 00:09:09,2016-01-01 00:21:17,728,42439170,42451674,0,1490,532,248,id0672409,0.0046,95.12878591552284,3.3758,999999,299,262,3.10854198,20,0
44,id2280748,2016-01-01 00:09:36,2016-01-01 00:10:46,70,42437305,42438043,0,685,559,114,id2280748,0.0046,43.735429576856454,1.5519,999999,44,114,1.5519,1,0
45,id0441132,2016-01-01 00:10:25,2016-01-01 00:16:30,365,42436159,42439286,0,705,608,117,id0441132,0.0046,45.05461266020759,1.5957000000000001,999999,45,117,1.5957000000000001,1,0
46,id1234112,2016-01-01 00:10:25,2016-01-01 00:18:47,502,42432060,42440270,0,2427,608,404,id1234112,0.0046,154.9458616921802,5.4989,999999,46,404,5.4989,1,0
47,id3933480,2016-01-01 00:10:26,2016-01-01 00:13:51,205,42442933,42449928,0,699,609,116,id3933480,0.0046,44.67171632211709,1.5821,999999,47,116,1.5821,1,0
48,id3420186,2016-01-01 00:10:47,2016-01-01 00:19:14,507,42438174,42430295,0,1652,630,275,id3420186,0.0046,105.46698704396627,3.7430000000000003,999999,299,274,3.4211689319999996,20,1
49,id2664946,2016-01-01 00:10:53,2016-01-01 00:16:56,363,42450044,6176628861,0,5338,636,889,id2664946,0.0046,340.73583270061096,12.0964,999999,1126,952,11.931513035999998,32,0
50,id2100728,2016-01-01 00:11:17,2016-01-01 00:15:08,231,42437021,42449918,0,1084,660,180,id2100728,0.0046,69.26232899444872,2.4539999999999997,999999,50,180,2.4539999999999997,1,0
51,id3852699,2016-01-01 00:11:22,2016-01-01 00:27:47,985,1692433935,42446933,0,3162,665,527,id3852699,0.0046,201.7863701736918,7.1672,999999,1169,622,6.875355636,32,0
52,id1006852,2016-01-01 00:11:33,2016-01-01 00:31:39,1206,42443680,247120300,0,3806,676,634,id1006852,0.0046,242.92677241845462,8.625399999999999,999999,997,700,7.833970151999999,21,0
53,id0880957,2016-01-01 00:11:41,2016-01-01 00:15:14,213,42443353,42431019,0,1107,684,184,id0880957,0.0046,70.70866731227089,2.5069,999999,53,184,2.5069,1,0
54,id0987539,2016-01-01 00:11:46,2016-01-01 00:19:40,474,42421728,42443819,0,2444,689,407,id0987539,0.0046,156.00930367191182,5.5382,999999,54,407,5.5382,1,0
55,id2330529,2016-01-01 00:11:48,2016-01-01 00:16:40,292,42436944,42455412,0,1069,691,178,id2330529,0.0046,68.24079521464826,2.4223,999999,55,178,2.4223,1,0
56,id1294759,2016-01-01 00:11:49,2016-01-01 00:27:46,957,42427477,42427236,0,4456,692,742,id1294759,0.0046,284.45007100130795,10.0972,999999,208,742,8.870148143999998,20,1
57,id1035006,2016-01-01 00:11:56,2016-01-01 00:20:40,524,561035359,42436807,0,2789,699,464,id1035006,0.0046,178.09013604668968,6.3179,999999,57,464,6.3179,1,0
58,id2418487,2016-01-01 00:12:00,2016-01-01 00:20:09,489,42430231,42440737,0,1852,703,308,id2418487,0.0046,118.27306027003229,4.1948,999999,359,375,4.021798356,20,0
59,id1635064,2016-01-01 00:12:03,2016-01-01 00:19:57,474,42434352,42432184,0,1820,706,303,id1635064,0.0046,116.18808451050018,4.1238,999999,1011,303,3.914295492,21,1
60,id3734778,2016-01-01 00:12:14,2016-01-01 00:40:56,1722,42439960,42437580,0,4615,717,769,id3734778,0.0046,294.5325310261319,10.459900000000001,999999,1401,939,10.30928316,32,0
61,id3914876,2016-01-01 00:12:42,2016-01-01 00:17:53,311,42430265,42434352,0,1392,745,232,id3914876,0.0046,88.83195043699524,3.1552,999999,61,232,3.1552,1,0
62,id2633378,2016-01-01 00:12:51,2016-01-01 00:23:49,658,42435644,42421877,0,2695,754,449,id2633378,0.0046,172.00570283717286,6.107900000000001,999999,1401,486,5.7066829199999995,32,1
63,id2612636,2016-01-01 00:12:53,2016-01-01 00:33:04,1211,42426747,42454042,0,7734,756,1289,id2612636,0.0046,493.5533797986503,17.5304,999999,990,1419,16.181390952,21,0
64,id3677668,2016-01-01 00:13:15,2016-01-01 00:21:12,477,390519635,42437436,0,3686,778,614,id3677668,0.0046,235.2688456566447,8.3534,999999,210,628,7.858415268,20,0
65,id3388812,2016-01-01 00:13:19,2016-01-01 00:23:31,612,42440951,42429693,0,2197,782,366,id3388812,0.0046,140.22530677566164,4.9791,999999,65,366,4.9791,1,0
66,id3205616,2016-01-01 00:13:22,2016-01-01 00:38:42,1520,42437613,42443346,0,7857,785,1309,id3205616,0.0046,501.4670476640797,17.8069,999999,1169,1373,15.859205604,32,1
67,id0121081,2016-01-01 00:13:23,2016-01-01 00:23:27,604,42439440,42454006,0,1984,786,330,id0121081,0.0046,126.69677970802326,4.494,999999,67,330,4.494,1,0
68,id0986197,2016-01-01 00:13:28,2016-01-01 00:33:52,1224,42435272,42435477,0,7136,791,1189,id0986197,0.0046,455.4342400586803,16.1734,999999,334,1238,14.954349875999998,20,1
69,id1659866,2016-01-01 00:13:38,2016-01-01 00:23:25,587,42436793,42436947,0,2323,801,387,id1659866,0.0046,148.26612987556211,5.2647,999999,359,424,4.854190019999999,20,1
70,id3828931,2016-01-01 00:13:42,2016-01-01 00:30:45,1023,1773084407,42435642,0,3620,805,603,id3828931,0.0046,231.0569859376492,8.2038,999999,1169,653,7.593800556,32,2
71,id2050754,2016-01-01 00:13:59,2016-01-01 00:24:50,651,42442567,42427891,0,3778,822,629,id2050754,0.0046,241.18278479708178,8.5604,999999,1569,629,7.577582783999999,42,3
72,id1943538,2016-01-01 00:14:09,2016-01-01 00:42:07,1678,42439840,6207264908,0,4253,832,708,id1943538,0.0046,271.5168425407708,9.6363,999999,1738,827,9.076660835999999,50,3
73,id0535590,2016-01-01 00:14:13,2016-01-01 00:42:11,1678,42430378,42445603,0,6093,836,1015,id0535590,0.0046,388.89552426547374,13.808499999999999,999999,1702,1199,12.829838555999999,42,0
74,id3205136,2016-01-01 00:14:24,2016-01-01 00:38:09,1425,42431154,42446934,0,3340,847,556,id3205136,0.0046,213.23135211647545,7.5676,999999,939,666,7.553181803999999,21,0
75,id2314185,2016-01-01 00:14:32,2016-01-01 00:27:32,780,42439849,42443329,0,4435,855,739,id2314185,0.0046,283.0456408834169,10.0519,999999,75,739,10.0519,1,0
76,id0614081,2016-01-01 00:14:46,2016-01-01 00:29:15,869,42423885,42446632,0,6224,869,1037,id0614081,0.0046,397.2339966689248,14.106200000000001,999999,1205,1292,13.619317392,30,0
77,id1071006,2016-01-01 00:14:50,2016-01-01 00:21:49,419,42446270,42430277,0,1090,873,181,id1071006,0.0046,69.64522533253921,2.4676,999999,77,181,2.4676,1,0
78,id3754001,2016-01-01 00:15:03,2016-01-01 00:28:27,804,42440153,42440326,0,2813,886,468,id3754001,0.0046,179.6217213990516,6.3723,999999,1702,497,5.738204339999999,42,1
79,id3280273,2016-01-01 00:15:06,2016-01-01 00:30:26,920,42446353,42446488,0,964,889,160,id3280273,0.0046,61.60440223263878,2.182,999999,79,160,2.182,1,0
80,id3847265,2016-01-01 00:15:06,2016-01-01 00:26:10,664,42428723,2141026538,0,3058,889,509,id3847265,0.0046,195.23522422622213,6.9284,999999,331,580,6.531250104,20,0
81,id2139933,2016-01-01 00:15:12,2016-01-01 00:16:43,91,42446021,42429324,0,577,895,96,id2139933,0.0046,36.84329549122752,1.3071000000000002,999999,81,96,1.3071000000000002,1,0
82,id1632188,2016-01-01 00:15:23,2016-01-01 00:18:07,164,42445020,42445020,0,0,906,0,id1632188,0.0046,0.0,0.0,999999,82,0,0.0,1,0
83,id1008975,2016-01-01 00:15:32,2016-01-01 00:42:05,1593,4597668032,42429215,0,15540,915,2590,id1008975,0.0046,991.7015156543868,35.224,999999,1634,2864,33.219640752,41,0
84,id1852789,2016-01-01 00:15:35,2016-01-01 00:27:38,723,247120348,42439830,0,4160,918,693,id1852789,0.0046,265.51765636579387,9.4278,999999,448,787,9.087225744,20,0
85,id1210692,2016-01-01 00:15:45,2016-01-01 00:27:36,711,42439272,42430277,0,1011,928,168,id1210692,0.0046,64.58232590282293,2.2893,999999,85,168,2.2893,1,0
86,id0846731,2016-01-01 00:15:47,2016-01-01 00:24:02,495,42429666,427840965,0,1908,930,318,id0846731,0.0046,121.761035512778,4.3248,999999,86,318,4.3248,1,0
87,id3160933,2016-01-01 00:16:09,2016-01-01 00:36:17,1208,42442881,42437918,0,8749,952,1458,id3160933,0.0046,558.3481079704842,19.8303,999999,1738,1604,18.997055195999998,50,2
88,id3621631,2016-01-01 00:16:13,2016-01-01 00:29:34,801,42439286,42452630,0,5284,956,880,id3621631,0.0046,337.28976565779647,11.974,999999,1205,1102,11.560725863999998,30,1
89,id0633946,2016-01-01 00:16:20,2016-01-01 00:35:29,1149,42452973,42444424,0,5652,963,942,id0633946,0.0046,360.68835048124794,12.8112,999999,1702,1143,12.171473843999998,42,2
90,id1320937,2016-01-01 00:16:33,2016-01-01 00:35:08,1115,42440397,42429029,0,9388,976,1564,id1320937,0.0046,599.1908609116963,21.276400000000002,999999,1634,1756,20.921714496,41,2
91,id1378987,2016-01-01 00:16:45,2016-01-01 00:46:57,1812,42430282,42428926,0,10075,988,1679,id1378987,0.0046,642.9681986884841,22.835900000000002,999999,1738,2134,22.516701923999996,50,4
92,id0874252,2016-01-01 00:17:00,2016-01-01 00:24:58,478,42439836,1773084402,0,2356,1003,392,id0874252,0.0046,150.436352669634,5.337199999999999,999999,1401,415,5.13958188,32,2
93,id3700650,2016-01-01 00:17:04,2016-01-01 00:25:17,493,42436510,42440452,0,807,1007,134,id3700650,0.0046,51.563850407746045,1.8268999999999997,999999,93,134,1.8268999999999997,1,0
94,id3851045,2016-01-01 00:17:04,2016-01-01 00:27:47,643,42440452,42436549,0,4237,1007,706,id3851045,0.0046,270.41006172643057,9.6031,999999,756,776,8.814397751999998,21,0
95,id2905168,2016-01-01 00:17:15,2016-01-01 00:38:57,1302,42455693,42444909,0,5346,1018,891,id2905168,0.0046,341.16063723863266,12.1176,999999,1033,920,11.757795263999999,32,0
96,id0615830,2016-01-01 00:17:22,2016-01-01 00:35:45,1103,42450426,42446488,0,1122,1025,187,id0615830,0.0046,71.60161522292292,2.5432,999999,96,187,2.5432,1,0
97,id1126109,2016-01-01 00:17:45,2016-01-01 00:30:17,752,42430060,561042190,0,3466,1048,577,id1126109,0.0046,221.27217521637596,7.853199999999999,999999,97,577,7.853199999999999,1,0
98,id3228429,2016-01-01 00:17:50,2016-01-01 00:24:22,392,3099327937,42430488,0,2415,1053,402,id3228429,0.0046,154.18006901599924,5.4717,999999,98,402,5.4717,1,0
99,id2788317,2016-01-01 00:17:55,2016-01-01 00:43:05,1510,42443050,42436763,0,8901,1058,1483,id2788317,0.0046,568.0910104918262,20.173299999999998,999999,1126,1746,19.489218084,32,1
100,id3150178,2016-01-01 00:18:07,2016-01-01 00:34:02,955,42435283,596775870,0,3120,1070,520,id3150178,0.0046,199.1060958070583,7.071999999999999,999999,334,534,6.942109931999999,20,0
101,id2685361,2016-01-01 00:18:08,2016-01-01 00:43:49,1541,42436336,42428985,0,15282,1071,2547,id2685361,0.0046,975.2369731164954,34.6392,999999,1744,3229,33.37104283199999,100,0
102,id3689002,2016-01-01 00:18:18,2016-01-01 00:41:54,1416,42436427,42425232,0,7180,1081,1196,id3689002,0.0046,458.2850084943934,16.2716,999999,1225,1496,15.631363607999997,30,0
103,id2753900,2016-01-01 00:18:22,2016-01-01 00:25:46,444,42424218,42421806,0,2914,1085,485,id2753900,0.0046,186.04571211205024,6.602,999999,568,509,5.8812057719999995,21,0
104,id2385969,2016-01-01 00:18:31,2016-01-01 00:37:10,1119,42432184,42435646,0,4584,1094,764,id2385969,0.0046,292.5328023011395,10.3904,999999,1744,944,9.954727823999999,100,1
105,id3750179,2016-01-01 00:18:36,2016-01-01 00:27:15,519,4557517555,4443775465,0,1700,1099,283,id3750179,0.0046,108.53015774869024,3.8518,999999,939,283,3.7302289559999995,21,1
106,id1306004,2016-01-01 00:18:37,2016-01-01 00:25:17,400,4491359481,42435420,0,1109,1100,184,id1306004,0.0046,70.87916138135053,2.5099,999999,106,184,2.5099,1,0
107,id2956319,2016-01-01 00:19:01,2016-01-01 00:34:13,912,42442475,42438257,0,5985,1124,997,id2956319,0.0046,382.0033901798447,13.563699999999999,999999,392,1112,13.318219019999999,20,1
108,id1307484,2016-01-01 00:19:05,2016-01-01 00:23:29,264,42445018,42430691,0,785,1128,130,id1307484,0.0046,50.20275912446371,1.7755,999999,997,130,1.573836192,21,1
109,id3949300,2016-01-01 00:19:08,2016-01-01 00:29:47,639,42430187,5849918502,0,1769,1131,294,id3949300,0.0046,112.99775857130516,4.0059000000000005,999999,337,318,3.9927148919999995,20,0
110,id0697399,2016-01-01 00:19:18,2016-01-01 00:30:43,685,42433620,427842069,0,651,1141,108,id0697399,0.0046,41.60854561739313,1.4733,999999,110,108,1.4733,1,0
111,id2297336,2016-01-01 00:19:18,2016-01-01 00:34:41,923,42439001,42452812,0,7514,1141,1252,id2297336,0.0046,479.55670935838157,17.0302,999999,1703,1538,16.525777536,42,0
112,id2299182,2016-01-01 00:19:23,2016-01-01 00:26:06,403,42446478,42443341,0,3047,1146,507,id2299182,0.0046,194.55467858458098,6.902699999999999,999999,112,507,6.902699999999999,1,0
113,id1823684,2016-01-01 00:19:28,2016-01-01 00:37:59,1111,42445365,1061531454,0,4835,1151,805,id1823684,0.0046,308.657787335549,10.9555,999999,1212,896,10.878124823999999,32,0
114,id3453600,2016-01-01 00:19:31,2016-01-01 00:37:16,1065,4557517555,42443381,0,7216,1154,1202,id3453600,0.0046,460.5823865229364,16.3532,999999,1225,1368,14.988201504,30,1
115,id3632346,2016-01-01 00:19:35,2016-01-01 00:24:22,287,42431447,42428720,0,1498,1158,249,id3632346,0.0046,95.682176322693,3.3924,999999,115,249,3.3924,1,0
116,id1413919,2016-01-01 00:19:37,2016-01-01 00:43:10,1413,373903786,42450044,0,8447,1160,1407,id1413919,0.0046,539.1613828660281,19.1427,999999,1225,1455,16.687217255999997,30,2
117,id2236484,2016-01-01 00:19:58,2016-01-01 00:21:22,84,42442475,42442534,0,896,1181,149,id2236484,0.0046,57.22204844456367,2.0294,999999,117,149,2.0294,1,0
118,id3991965,2016-01-01 00:20:08,2016-01-01 00:29:16,548,42437917,42434113,0,2705,1191,450,id3991965,0.0046,172.72958731342263,6.1274999999999995,999999,331,541,6.03390948,20,1
119,id3764623,2016-01-01 00:20:15,2016-01-01 00:28:19,484,42456611,42445733,0,2934,1198,489,id3764623,0.0046,187.23630932625292,6.650399999999999,999999,756,489,5.8520574,21,1
120,id2736660,2016-01-01 00:20:28,2016-01-01 00:24:09,221,1692433928,42439345,0,734,1211,122,id2736660,0.0046,46.88384731612025,1.6622,999999,120,122,1.6622,1,0
121,id0571277,2016-01-01 00:20:29,2016-01-01 00:21:41,72,42449893,42456543,0,603,1212,100,id0571277,0.0046,38.54537491266915,1.3645,999999,121,100,1.3645,1,0
122,id0996861,2016-01-01 00:20:34,2016-01-01 00:32:39,725,42428037,42449021,0,6997,1217,1166,id0996861,0.0046,446.542377248059,15.8591,999999,1126,1168,14.792563547999997,32,2
123,id0551434,2016-01-01 00:20:36,2016-01-01 00:27:56,440,42437914,42434821,0,321,1219,53,id0551434,0.0046,20.549247022415805,0.7253,999999,123,53,0.7253,1,0
124,id0125867,2016-01-01 00:20:41,2016-01-01 00:38:40,1079,4491359481,42432174,0,4686,1224,781,id0125867,0.0046,299.04204004867796,10.6216,999999,1124,900,10.457736023999999,30,0
125,id2117730,2016-01-01 00:20:49,2016-01-01 00:28:41,472,42443680,42437289,0,2035,1232,339,id2117730,0.0046,129.88710564721822,4.6119,999999,1702,351,4.1453242679999995,42,3
126,id3985015,2016-01-01 00:20:54,2016-01-01 00:36:16,922,42449341,42428436,0,3028,1237,504,id3985015,0.0046,193.32074253576963,6.8604,999999,450,620,6.475995612,20,0
127,id3709283,2016-01-01 00:20:59,2016-01-01 00:25:43,284,42435714,42435714,0,0,1242,0,id3709283,0.0046,0.0,0.0,999999,127,0,0.0,1,0
128,id1735510,2016-01-01 00:21:15,2016-01-01 00:33:57,762,42429830,42439836,0,3316,1258,552,id1735510,0.0046,211.6997667641135,7.5132,999999,990,552,6.88661052,21,1
129,id3762816,2016-01-01 00:21:19,2016-01-01 00:27:49,390,42435275,42431027,0,1553,1262,258,id3762816,0.0046,99.21349040004728,3.5163,999999,230,288,3.486139764,20,0
130,id2104227,2016-01-01 00:21:31,2016-01-01 00:24:58,207,42440469,42428007,0,1903,1274,317,id2104227,0.0046,121.46338620922731,4.3126999999999995,999999,130,317,4.3126999999999995,1,0
131,id3377465,2016-01-01 00:21:41,2016-01-01 00:25:21,220,42430984,42442463,0,1492,1284,248,id3377465,0.0046,95.2992799846025,3.3788,999999,568,248,2.9311635959999998,21,1
132,id0507270,2016-01-01 00:21:55,2016-01-01 00:26:00,245,42443050,42428020,0,1583,1298,263,id0507270,0.0046,101.12797209049977,3.5843,999999,132,263,3.5843,1,0
133,id0631283,2016-01-01 00:22:09,2016-01-01 00:41:25,1156,42449886,42443044,0,6574,1312,1095,id0631283,0.0046,419.6124783472533,14.898,999999,1703,1452,14.599155407999998,42,2
134,id1080935,2016-01-01 00:22:17,2016-01-01 00:25:38,201,42436546,42443042,0,454,1320,75,id1080935,0.0046,29.058213494946557,1.026,999999,134,75,1.026,1,0
135,id0640354,2016-01-01 00:22:19,2016-01-01 00:27:09,290,42427915,42425570,0,1544,1322,257,id0640354,0.0046,98.57485295833732,3.4981999999999998,999999,135,257,3.4981999999999998,1,0
136,id2537642,2016-01-01 00:22:32,2016-01-01 00:32:49,617,42436944,42440951,0,4559,1335,759,id2537642,0.0046,291.04455578338616,10.3299,999999,1703,877,9.923199047999999,42,1
137,id2553721,2016-01-01 00:22:37,2016-01-01 00:24:58,141,42432706,42455643,0,960,1340,160,id2553721,0.0046,61.26341409447948,2.176,999999,137,160,2.176,1,0
138,id3339518,2016-01-01 00:22:37,2016-01-01 01:05:56,2599,42436537,42428480,0,6555,1340,1092,id3339518,0.0046,418.37854229844197,14.855699999999999,999999,576,1450,14.64255072,21,0
139,id1605007,2016-01-01 00:22:39,2016-01-01 00:45:35,1376,42437358,561035333,0,6753,1342,1125,id1605007,0.0046,431.0141214554284,15.3045,999999,1212,1234,13.668004896,32,1
140,id3284641,2016-01-01 00:22:52,2016-01-01 00:38:03,911,42432302,42452882,0,5107,1355,851,id3284641,0.0046,325.93003074955254,11.575099999999999,999999,981,1007,10.944655619999999,21,0
141,id0863823,2016-01-01 00:22:55,2016-01-01 00:35:15,740,42433625,42436941,0,3463,1358,577,id0863823,0.0046,221.01643411275649,7.848699999999999,999999,1127,672,7.687610579999999,30,0
142,id3787475,2016-01-01 00:22:55,2016-01-01 00:34:42,707,42436710,42441564,0,4835,1358,805,id3787475,0.0046,308.657787335549,10.9555,999999,142,805,10.9555,1,0
143,id1784392,2016-01-01 00:22:56,2016-01-01 00:34:53,717,42430749,42443532,0,1433,1359,238,id1784392,0.0046,91.55556363823735,3.2443,999999,327,253,3.0882827999999996,20,0
144,id2315313,2016-01-01 00:23:00,2016-01-01 00:38:32,932,42431804,42439181,0,2658,1363,443,id2315313,0.0046,169.6230777740901,6.0248,999999,144,443,6.0248,1,0
145,id0908265,2016-01-01 00:23:01,2016-01-01 00:52:18,1757,42442247,42437384,0,7273,1364,1212,id0908265,0.0046,464.1556088002219,16.4847,999999,1744,1367,15.053330279999997,100,2
146,id3298816,2016-01-01 00:23:08,2016-01-01 00:41:08,1080,42439275,42453902,0,4548,1371,758,id3298816,0.0046,290.2354242725965,10.3088,999999,1205,975,10.196702951999999,30,2
147,id1035939,2016-01-01 00:23:10,2016-01-01 00:41:48,1118,42445247,561042192,0,3483,1373,580,id1035939,0.0046,222.33561719610756,7.8925,999999,1000,648,7.336456871999999,21,0
148,id2860315,2016-01-01 00:23:32,2016-01-01 00:37:17,825,42421889,42435645,0,2399,1395,399,id2860315,0.0046,153.20187407080735,5.4338999999999995,999999,337,399,5.160977387999999,20,1
149,id1687219,2016-01-01 00:23:33,2016-01-01 00:41:23,1070,42422016,42432992,0,5932,1396,988,id1687219,0.0046,378.64257017157007,13.442799999999998,999999,1634,988,11.581278863999998,41,3
150,id0669126,2016-01-01 00:23:34,2016-01-01 00:30:54,440,42444827,42432194,0,1716,1397,286,id0669126,0.0046,109.50835269388207,3.8895999999999997,999999,150,286,3.8895999999999997,1,0
151,id0269886,2016-01-01 00:23:48,2016-01-01 00:34:49,661,42436913,42423674,0,2432,1411,405,id0269886,0.0046,155.24351099573084,5.511,999999,151,405,5.511,1,0
152,id0436828,2016-01-01 00:23:51,2016-01-01 00:29:37,346,1692433935,42432174,0,1380,1414,230,id0436828,0.0046,88.06615776081425,3.128,999999,152,230,3.128,1,0
153,id2859381,2016-01-01 00:23:51,2016-01-01 01:12:11,2900,42455693,42428524,0,8530,1414,1421,id2859381,0.0046,544.4366845647552,19.3316,999999,1033,1719,18.833089895999997,32,1
154,id1371034,2016-01-01 00:24:01,2016-01-01 00:44:00,1199,42445033,42432706,0,989,1424,164,id1371034,0.0046,63.221234619540596,2.2379,999999,327,164,2.231453376,20,1
155,id2878311,2016-01-01 00:24:07,2016-01-01 00:41:50,1063,42435642,42448390,0,3665,1430,610,id2878311,0.0046,233.99300140790214,8.3035,999999,940,731,8.047516307999999,21,0
156,id0029066,2016-01-01 00:24:22,2016-01-01 00:31:08,406,42442463,42450015,0,2307,1445,384,id0029066,0.0046,147.28793493037023,5.2269000000000005,999999,399,481,5.133001475999999,20,0
157,id1908323,2016-01-01 00:24:23,2016-01-01 00:30:43,380,42449961,42428022,0,2917,1446,486,id1908323,0.0046,186.17286734652126,6.6110999999999995,999999,210,487,6.385839492,20,1
158,id1572472,2016-01-01 00:24:40,2016-01-01 00:33:12,512,42442422,42436700,0,2300,1463,383,id1572472,0.0046,146.8197915577399,5.2118,999999,158,383,5.2118,1,0
159,id0058213,2016-01-01 00:24:47,2016-01-01 00:46:31,1304,42434357,42437425,0,4359,1470,726,id0058213,0.0046,278.23848255732014,9.8781,999999,1703,804,8.889709992,42,3
160,id3911085,2016-01-01 00:24:54,2016-01-01 00:47:55,1381,5706568771,42440743,0,4524,1477,754,id3911085,0.0046,288.7038389202345,10.2544,999999,404,772,9.234520212,20,1
161,id1819493,2016-01-01 00:24:57,2016-01-01 00:34:41,584,42449333,42445466,0,2956,1480,492,id1819493,0.0046,188.7259864786837,6.6972000000000005,999999,450,492,5.803893923999999,20,1
162,id2038821,2016-01-01 00:24:59,2016-01-01 00:33:31,512,42442469,42429741,0,3710,1482,618,id2038821,0.0046,236.80043100900662,8.4078,999999,392,632,8.3164749,20,0
163,id1311800,2016-01-01 00:25:16,2016-01-01 00:30:58,342,42446528,42453601,0,1360,1499,226,id1311800,0.0046,86.87556054661155,3.0796,999999,163,226,3.0796,1,0
164,id2120210,2016-01-01 00:25:26,2016-01-01 00:31:13,347,42448203,42445972,0,1624,1509,270,id2120210,0.0046,103.72299942259343,3.678,999999,164,270,3.678,1,0
165,id2145244,2016-01-01 00:25:36,2016-01-01 00:41:20,944,42437914,42432282,0,3892,1519,648,id2145244,0.0046,248.4578152208012,8.8188,999999,1124,710,8.605232256,30,1
166,id3059895,2016-01-01 00:25:41,2016-01-01 00:28:23,162,42454994,42440737,0,480,1524,80,id3059895,0.0046,30.63170704723974,1.088,999999,166,80,1.088,1,0
167,id2744448,2016-01-01 00:25:42,2016-01-01 00:40:55,913,42437368,373880031,0,5605,1525,934,id2744448,0.0046,357.71042681106377,12.7039,999999,1033,933,12.119484455999999,32,2
168,id3709669,2016-01-01 00:25:45,2016-01-01 00:35:21,576,42446488,42438544,0,956,1528,159,id3709669,0.0046,61.051011825468635,2.1654,999999,168,159,2.1654,1,0
169,id2442123,2016-01-01 00:25:54,2016-01-01 00:42:27,993,42430390,4597668031,0,3091,1537,515,id2442123,0.0046,197.27686115114565,7.0055,999999,404,556,6.510472955999999,20,0
170,id3004693,2016-01-01 00:25:54,2016-01-01 00:36:44,650,42449918,42432127,0,3454,1537,575,id3004693,0.0046,220.50638254019498,7.8260000000000005,999999,309,655,7.203070739999999,20,1
171,id0892075,2016-01-01 00:26:01,2016-01-01 00:35:05,544,42427381,42436944,0,2653,1544,442,id0892075,0.0046,169.3254284705394,6.0127,999999,1127,508,5.9449974359999995,30,1
172,id0645975,2016-01-01 00:26:09,2016-01-01 00:31:08,299,42449918,42431461,0,1384,1552,230,id0645975,0.0046,88.40714589897355,3.1340000000000003,999999,309,245,2.78609094,20,0
173,id3733268,2016-01-01 00:26:10,2016-01-01 00:33:31,441,42431007,42428737,0,2407,1553,401,id3733268,0.0046,153.62667860882902,5.4551,999999,230,400,5.053244315999999,20,1
174,id0822503,2016-01-01 00:26:12,2016-01-01 00:46:00,1188,42430782,42431015,0,6636,1555,1106,id0822503,0.0046,423.4833499280894,15.0416,999999,1744,1250,13.692960624,100,4
175,id2065990,2016-01-01 00:26:18,2016-01-01 00:29:13,175,42434271,9143542440,0,841,1561,140,id2065990,0.0046,53.69073436720937,1.9055,999999,175,140,1.9055,1,0
176,id1198127,2016-01-01 00:26:45,2016-01-01 00:34:18,453,42437654,42446933,0,1286,1588,214,id1198127,0.0046,82.11031042044596,2.9134,999999,940,214,2.7412574759999995,21,1
177,id3535772,2016-01-01 00:26:47,2016-01-01 00:31:01,254,42445232,42439406,0,1438,1590,239,id3535772,0.0046,91.85321294178803,3.2564,999999,177,239,3.2564,1,0
178,id2669182,2016-01-01 00:26:52,2016-01-01 00:57:04,1812,42436439,3579432161,0,8914,1595,1485,id2669182,0.0046,568.942050202547,20.201999999999998,999999,1744,1645,18.977629871999998,100,5
179,id3058472,2016-01-01 00:27:06,2016-01-01 00:37:26,620,42430688,4461990857,0,2133,1609,355,id3058472,0.0046,136.18394112574583,4.8325,999999,179,355,4.8325,1,0
180,id2957741,2016-01-01 00:27:08,2016-01-01 00:36:38,570,42448558,42446266,0,2618,1611,436,id2957741,0.0046,167.11329747653625,5.9326,999999,506,463,5.639029859999999,20,0
181,id3389723,2016-01-01 00:27:09,2016-01-01 00:39:23,734,42428454,8122411159,0,3229,1612,538,id3389723,0.0046,206.08347692722708,7.3183,999999,981,538,6.4178280359999995,21,1
182,id0751405,2016-01-01 00:27:25,2016-01-01 00:45:20,1075,42428480,42454433,0,4359,1628,726,id0751405,0.0046,278.23848255732014,9.8781,999999,506,749,9.055991436,20,1
183,id0848428,2016-01-01 00:27:49,2016-01-01 00:39:27,698,42428024,42432444,0,4042,1652,673,id0848428,0.0046,258.0302236730637,9.1588,999999,576,673,7.823110128,21,1
184,id1022518,2016-01-01 00:27:57,2016-01-01 00:39:01,664,42435323,42443042,0,2566,1660,427,id1022518,0.0046,163.83772450280142,5.8132,999999,184,427,5.8132,1,0
185,id1320895,2016-01-01 00:28:07,2016-01-02 00:25:45,86258,42428640,42428258,0,3511,1670,585,id1320895,0.0046,224.0796048174804,7.9575,999999,185,585,7.9575,1,0
186,id1827515,2016-01-01 00:28:08,2016-01-01 00:32:50,282,42439823,42439099,0,1213,1671,202,id1827515,0.0046,77.43030732882016,2.7487,999999,186,202,2.7487,1,0
187,id1944268,2016-01-01 00:28:09,2016-01-01 00:52:18,1449,42435491,6207264908,0,7003,1672,1167,id1944268,0.0046,446.9252735861496,15.8727,999999,1744,1343,15.361053191999996,100,3
188,id0323307,2016-01-01 00:28:15,2016-01-01 00:41:28,793,42431005,5542680310,0,2828,1678,471,id0323307,0.0046,180.51466930970363,6.4086,999999,188,471,6.4086,1,0
189,id0005267,2016-01-01 00:28:26,2016-01-01 00:33:07,281,42446455,42439403,0,1193,1689,198,id0005267,0.0046,76.23971011461748,2.7003,999999,399,198,2.548589508,20,1
190,id3554862,2016-01-01 00:28:41,2016-01-01 00:39:27,646,42428570,42428737,0,4129,1704,688,id3554862,0.0046,263.5179276408016,9.3583,999999,1212,688,9.044118192,32,2
191,id3699150,2016-01-01 00:28:46,2016-01-01 00:42:08,802,42444909,42453902,0,4698,1709,783,id3699150,0.0046,299.80783272485905,10.6488,999999,1124,877,10.037476391999999,30,2
192,id0719864,2016-01-01 00:28:49,2016-01-01 00:33:49,300,42432799,42429707,0,1252,1712,208,id0719864,0.0046,79.98342646098264,2.8348,999999,192,208,2.8348,1,0
193,id2145457,2016-01-01 00:28:59,2016-01-01 00:31:02,123,42439403,42443048,0,1028,1722,171,id2145457,0.0046,65.6457678825546,2.3286,999999,193,171,2.3286,1,0
194,id1753158,2016-01-01 00:29:18,2016-01-01 00:31:13,115,42448811,42446949,0,791,1741,131,id1753158,0.0046,50.58565546255421,1.7891000000000001,999999,1000,131,1.7015480399999996,21,1
195,id3565033,2016-01-01 00:29:21,2016-01-01 00:47:41,1100,42429412,42445378,0,3571,1744,595,id3565033,0.0046,227.90856819838538,8.093499999999999,999999,448,594,7.5291536159999986,20,1
196,id0421191,2016-01-01 00:29:35,2016-01-01 00:33:10,215,42444909,4557517555,0,532,1758,88,id0421191,0.0046,34.03586589012301,1.2028,999999,196,88,1.2028,1,0
197,id1045689,2016-01-01 00:29:45,2016-01-01 00:39:04,559,42428489,1919595922,0,2146,1768,357,id1045689,0.0046,137.03498083646664,4.8612,999999,1127,420,4.546928171999999,30,2
